Workbook

Sheet Project_Overview
A1: Inventory Forecasting and Reorder Planning Model
A2: Workbook Purpose | B2: Develop an Excel-based inventory forecasting and replenishment model using historical demand and inventory data.
A3: Scope Covered | B3: Demand review, SKU classification, forecast model, safety stock, reorder point, replenishment planning view, risk review, and findings.
A4: Data Period | B4: Historical demand: Jan 2024 to Jun 2025. Planning snapshot: Jul 2025.
A5: Model Level | B5: SKU-level monthly demand planning.
A6: Primary Output | B6: Reorder planning view with forecast demand, safety stock, reorder point, months of supply, risk status, and recommended action.
A7: How to Use | B7: Review Dashboard and Planning_View first, then use Forecast_Model, Reorder_Planning, and Inventory_Risk_Review for supporting detail.

Sheet Dashboard
B2: Inventory Forecasting and Reorder Planning Dashboard
B4: Total SKUs | C4: 24 | E4: SKU | F4: Forecast Monthly Demand | I4: Risk_Status | J4: SKU_Count
B5: Forecast Monthly Demand | C5: 2365.3333 | E5: SKU-1019 | F5: 645.5 | I5: Balanced | J5: 8
B6: Stockout Risk SKUs | C6: 15 | E6: SKU-1018 | F6: 478.66667 | I6: Excess Stock | J6: 1
B7: Excess Stock SKUs | C7: 1 | E7: SKU-1009 | F7: 252.66667 | I7: Stockout Risk | J7: 15
B8: Suggested Reorder Value | C8: 43684.5 | E8: SKU-1024 | F8: 180
B9: Current Inventory Value | C9: 78354 | E9: SKU-1001 | F9: 143.5
B10: Top 5 Annual Value Concentration | C10: 0.3690266 | E10: SKU-1002 | F10: 106
E11: SKU-1003 | F11: 105.33333
E12: SKU-1007 | F12: 99 | I12: ABC_Class | J12: SKU_Count
B13: Month | C13: Total Demand | E13: SKU-1014 | F13: 53.833333 | I13: A | J13: 14
B14: 45292 | C14: 2150 | E14: SKU-1015 | F14: 48.166667 | I14: B | J14: 7
B15: 45323 | C15: 2201 | I15: C | J15: 3
B16: 45352 | C16: 2337
B17: 45383 | C17: 2796
B18: 45413 | C18: 2531
B19: 45444 | C19: 2303
B20: 45474 | C20: 2154
B21: 45505 | C21: 2511
B22: 45536 | C22: 2303
B23: 45566 | C23: 2468
B24: 45597 | C24: 2618
B25: 45627 | C25: 2701
B26: 45658 | C26: 2410
B27: 45689 | C27: 2160
... B31: 45809 | C31: 2472

Sheet Raw_Data
A1: Demand_Record_ID | B1: SKU | C1: Item_Description | D1: Demand_Month | E1: Demand_Qty | F1: Customer_Order_Qty | G1: Demand_Source | H1: UOM
A2: DMD-1001-202401 | B2: SKU-1001 | C2: Resin Cartridge Standard Grey | D2: 45292 | E2: 92 | F2: 91 | G2: Service Demand | H2: Units
A3: DMD-1001-202402 | B3: SKU-1001 | C3: Resin Cartridge Standard Grey | D3: 45323 | E3: 95 | F3: 93 | G3: Service Demand | H3: Units
A4: DMD-1001-202403 | B4: SKU-1001 | C4: Resin Cartridge Standard Grey | D4: 45352 | E4: 100 | F4: 103 | G4: ERP Sales Orders | H4: Units
A5: DMD-1001-202404 | B5: SKU-1001 | C5: Resin Cartridge Standard Grey | D5: 45383 | E5: 74 | F5: 78 | G5: Manual Adjustment | H5: Units
A6: DMD-1001-202405 | B6: SKU-1001 | C6: Resin Cartridge Standard Grey | D6: 45413 | E6: 119 | F6: 117 | G6: ERP Sales Orders | H6: Units
A7: DMD-1001-202406 | B7: SKU-1001 | C7: Resin Cartridge Standard Grey | D7: 45444 | E7: 115 | F7: 118 | G7: Service Demand | H7: Units
A8: DMD-1001-202407 | B8: SKU-1001 | C8: Resin Cartridge Standard Grey | D8: 45474 | E8: 110 | F8: 111 | G8: Service Demand | H8: Units
A9: DMD-1001-202408 | B9: SKU-1001 | C9: Resin Cartridge Standard Grey | D9: 45505 | E9: 88 | F9: 90 | G9: Distributor Forecast | H9: Units
A10: DMD-1001-202409 | B10: SKU-1001 | C10: Resin Cartridge Standard Grey | D10: 45536 | E10: 125 | F10: 122 | G10: Manual Adjustment | H10: Units
A11: DMD-1001-202410 | B11: SKU-1001 | C11: Resin Cartridge Standard Grey | D11: 45566 | E11: 126 | F11: 126 | G11: Distributor Forecast | H11: Units
A12: DMD-1001-202411 | B12: SKU-1001 | C12: Resin Cartridge Standard Grey | D12: 45597 | E12: 162 | F12: 162 | G12: ERP Sales Orders | H12: Units
A13: DMD-1001-202412 | B13: SKU-1001 | C13: Resin Cartridge Standard Grey | D13: 45627 | E13: 180 | F13: 176 | G13: Manual Adjustment | H13: Units
... A433: DMD-1024-202506 | B433: SKU-1024 | C433: Thermal Paste Tube | D433: 45809 | E433: 159 | F433: 164 | G433: Manual Adjustment | H433: Units

Sheet Cleaned_Demand
A1: Demand_Record_ID | B1: SKU_Raw | C1: SKU_Clean | D1: Item_Description | E1: Demand_Month | F1: Demand_Qty | G1: Customer_Order_Qty | H1: Demand_Source | I1: UOM | J1: Year | K1: Month_Number | L1: Month_Start
A2: DMD-1001-202401 | B2: SKU-1001 | C2: SKU-1001 | D2: Resin Cartridge Standard Grey | E2: 45292 | F2: 92 | G2: 91 | H2: Service Demand | I2: Units | J2: 2024 | K2: 1 | L2: 45292
A3: DMD-1001-202402 | B3: SKU-1001 | C3: SKU-1001 | D3: Resin Cartridge Standard Grey | E3: 45323 | F3: 95 | G3: 93 | H3: Service Demand | I3: Units | J3: 2024 | K3: 2 | L3: 45323
A4: DMD-1001-202403 | B4: SKU-1001 | C4: SKU-1001 | D4: Resin Cartridge Standard Grey | E4: 45352 | F4: 100 | G4: 103 | H4: ERP Sales Orders | I4: Units | J4: 2024 | K4: 3 | L4: 45352
A5: DMD-1001-202404 | B5: SKU-1001 | C5: SKU-1001 | D5: Resin Cartridge Standard Grey | E5: 45383 | F5: 74 | G5: 78 | H5: Manual Adjustment | I5: Units | J5: 2024 | K5: 4 | L5: 45383
A6: DMD-1001-202405 | B6: SKU-1001 | C6: SKU-1001 | D6: Resin Cartridge Standard Grey | E6: 45413 | F6: 119 | G6: 117 | H6: ERP Sales Orders | I6: Units | J6: 2024 | K6: 5 | L6: 45413
A7: DMD-1001-202406 | B7: SKU-1001 | C7: SKU-1001 | D7: Resin Cartridge Standard Grey | E7: 45444 | F7: 115 | G7: 118 | H7: Service Demand | I7: Units | J7: 2024 | K7: 6 | L7: 45444
A8: DMD-1001-202407 | B8: SKU-1001 | C8: SKU-1001 | D8: Resin Cartridge Standard Grey | E8: 45474 | F8: 110 | G8: 111 | H8: Service Demand | I8: Units | J8: 2024 | K8: 7 | L8: 45474
A9: DMD-1001-202408 | B9: SKU-1001 | C9: SKU-1001 | D9: Resin Cartridge Standard Grey | E9: 45505 | F9: 88 | G9: 90 | H9: Distributor Forecast | I9: Units | J9: 2024 | K9: 8 | L9: 45505
A10: DMD-1001-202409 | B10: SKU-1001 | C10: SKU-1001 | D10: Resin Cartridge Standard Grey | E10: 45536 | F10: 125 | G10: 122 | H10: Manual Adjustment | I10: Units | J10: 2024 | K10: 9 | L10: 45536
A11: DMD-1001-202410 | B11: SKU-1001 | C11: SKU-1001 | D11: Resin Cartridge Standard Grey | E11: 45566 | F11: 126 | G11: 126 | H11: Distributor Forecast | I11: Units | J11: 2024 | K11: 10 | L11: 45566
A12: DMD-1001-202411 | B12: SKU-1001 | C12: SKU-1001 | D12: Resin Cartridge Standard Grey | E12: 45597 | F12: 162 | G12: 162 | H12: ERP Sales Orders | I12: Units | J12: 2024 | K12: 11 | L12: 45597
A13: DMD-1001-202412 | B13: SKU-1001 | C13: SKU-1001 | D13: Resin Cartridge Standard Grey | E13: 45627 | F13: 180 | G13: 176 | H13: Manual Adjustment | I13: Units | J13: 2024 | K13: 12 | L13: 45627
... A433: DMD-1024-202506 | B433: SKU-1024 | C433: SKU-1024 | D433: Thermal Paste Tube | E433: 45809 | F433: 159 | G433: 164 | H433: Manual Adjustment | I433: Units | J433: 2025 | K433: 6 | L433: 45809

Sheet SKU_Master
A1: SKU | B1: Item_Description | C1: Item_Category | D1: Planning_Type | E1: Supplier_Raw | F1: Supplier_Standardized | G1: On_Hand_Qty | H1: On_Order_Qty | I1: Allocated_Qty | J1: Available_Qty | K1: Unit_Cost | L1: Lead_Time_Days | M1: MOQ | N1: ERP_Safety_Min | O1: Item_Status
A2: SKU-1001 | B2: Resin Cartridge Standard Grey | C2: Finished Goods | D2: MTS | E2: Polymer Supply Co | F2: Polymer Supply Co | G2: 70 | H2: 0 | I2: 7 | J2: 63 | K2: 18.5 | L2: 28 | M2: 50 | N2: 71 | O2: Review
A3: SKU-1002 | B3: Resin Cartridge Tough 2000 | C3: Finished Goods | D3: MTS | E3: Polymer Supply Co | F3: Polymer Supply Co | G3: 117 | H3: 0 | I3: 21 | J3: 96 | K3: 24 | L3: 35 | M3: 40 | N3: 46 | O3: Active
A4: SKU-1003 | B4: Resin Cartridge Clear | C4: Finished Goods | D4: MTS | E4: Polymer Supply Co | F4: Polymer Supply Co | G4: 336 | H4: 0 | I4: 18 | J4: 318 | K4: 21 | L4: 30 | M4: 40 | N4: 52 | O4: Active
A5: SKU-1004 | B5: Build Platform Assembly | C5: Spare Part | D5: MTS | E5: Precision Parts Ltd | F5: Precision Parts Ltd | G5: 8 | H5: 4 | I5: 0 | J5: 12 | K5: 55 | L5: 45 | M5: 20 | N5: 2 | O5: Active
A6: SKU-1005 | B6: Optical Window Kit | C6: Spare Part | D6: MTO | E6: Optics Supply Inc | F6: Optics Supply Inc | G6: 46 | H6: 0 | I6: 8 | J6: 38 | K6: 125 | L6: 60 | M6: 10 | N6: 5 | O6: Active
A7: SKU-1006 | B7: Printer Maintenance Kit | C7: Service Part | D7: MTS | E7: Service Components LLC | F7: Service Components LLC | G7: 231 | H7: 0 | I7: 49 | J7: 182 | K7: 38 | L7: 21 | M7: 25 | N7: 18 | O7: Active
A8: SKU-1007 | B8: Tank LT Standard | C8: Finished Goods | D8: MTS | E8: Polymer Supply Co | F8: Polymer Supply Co | G8: 131 | H8: 0 | I8: 24 | J8: 107 | K8: 42 | L8: 32 | M8: 30 | N8: 47 | O8: Active
A9: SKU-1008 | B9: Tank LT High Temp | C9: Finished Goods | D9: MTS | E9: Polymer Supply Co | F9: Polymer Supply Co | G9: 77 | H9: 62 | I9: 7 | J9: 132 | K9: 48 | L9: 40 | M9: 25 | N9: 22 | O9: Active
A10: SKU-1009 | B10: Nozzle Cleaning Tool | C10: Accessory | D10: MTS | E10: Tooling Depot | F10: Tooling Depot | G10: 383 | H10: 383 | I10: 54 | J10: 712 | K10: 3.8 | L10: 14 | M10: 100 | N10: 126 | O10: Active
A11: SKU-1010 | B11: Replacement Filter Pack | C11: Consumable | D11: MTS | E11: FilterTech | F11: FilterTech | G11: 97 | H11: 0 | I11: 20 | J11: 77 | K11: 8.5 | L11: 20 | M11: 75 | N11: 17 | O11: Active
A12: SKU-1011 | B12: Industrial Pump Seal | C12: Service Part | D12: MTS | E12: Precision Parts Ltd | F12: Precision Parts Ltd | G12: 116 | H12: 16 | I12: 26 | J12: 106 | K12: 32 | L12: 50 | M12: 15 | N12: 14 | O12: Active
A13: SKU-1012 | B13: Stepper Motor 24V | C13: Component | D13: MTS | E13: Motion Systems | F13: Motion Systems | G13: 52 | H13: 10 | I13: 12 | J13: 50 | K13: 78 | L13: 55 | M13: 10 | N13: 6 | O13: Active
... A25: SKU-1024 | B25: Thermal Paste Tube | C25: Consumable | D25: MTS | E25: Tooling Depot | F25: Tooling Depot | G25: 738 | H25: 0 | I25: 156 | J25: 582 | K25: 4.4 | L25: 15 | M25: 100 | N25: 90 | O25: Active

Sheet Forecast_Model
B2: SKU | C2: Item_Description | D2: Item_Category | E2: Planning_Type | F2: Supplier | G2: Total_Demand_12M | H2: Avg_Monthly_12M | I2: Avg_Monthly_6M | J2: Avg_Monthly_3M | K2: Demand_StdDev_12M | L2: CV | M2: 3M_vs_12M_Trend | N2: Zero_Demand_Months_12M | O2: Demand_Behavior | P2: Forecast_Method | Q2: Forecast_Monthly_Demand | R2: Unit_Cost | S2: Annual_Demand_Value | T2: Rank | U2: Annual_Value_% | V2: Cumulative_% | W2: ABC_Class
B3: SKU-1001 | C3: Resin Cartridge Standard Grey | D3: Finished Goods | E3: MTS | F3: Polymer Supply Co | G3: 1652 | H3: 137.66667 | I3: 143.5 | J3: 144.33333 | K3: 31.98674 | L3: 0.2323492 | M3: 0.04842615 | N3: 0 | O3: Stable | P3: 6M Moving Avg | Q3: 143.5 | R3: 18.5 | S3: 30562 | T3: 2 | U3: 0.072308147 | V3: 0.17416227 | W3: A
B4: SKU-1002 | C4: Resin Cartridge Tough 2000 | D4: Finished Goods | E4: MTS | F4: Polymer Supply Co | G4: 1083 | H4: 90.25 | I4: 93 | J4: 106 | K4: 29.769188 | L4: 0.3298525 | M4: 0.17451524 | N4: 0 | O4: Growing | P4: 3M Moving Avg | Q4: 106 | R4: 24 | S4: 25992 | T4: 5 | U4: 0.061495758 | V4: 0.3690266 | W4: A
B5: SKU-1003 | C5: Resin Cartridge Clear | D5: Finished Goods | E5: MTS | F5: Polymer Supply Co | G5: 1290 | H5: 107.5 | I5: 105.33333 | J5: 113.33333 | K5: 12.537217 | L5: 0.11662528 | M5: 0.054263566 | N5: 0 | O5: Stable | P5: 6M Moving Avg | Q5: 105.33333 | R5: 21 | S5: 27090 | T5: 4 | U5: 0.06409357 | V5: 0.30753084 | W5: A
B6: SKU-1004 | C6: Build Platform Assembly | D6: Spare Part | E6: MTS | F6: Precision Parts Ltd | G6: 138 | H6: 11.5 | I6: 5.5 | J6: 8.3333333 | K6: 13.859686 | L6: 1.2051901 | M6: -0.27536232 | N6: 6 | O6: Intermittent | P6: Median 6M | Q6: 0 | R6: 55 | S6: 7590 | T6: 22 | U6: 0.017957556 | V6: 0.96644965 | W6: C
B7: SKU-1005 | C7: Optical Window Kit | D7: Spare Part | E7: MTO | F7: Optics Supply Inc | G7: 201 | H7: 16.75 | I7: 11.833333 | J7: 15.333333 | K7: 7.2252713 | L7: 0.43135948 | M7: -0.084577114 | N7: 1 | O7: Variable | P7: 6M Moving Avg | Q7: 11.833333 | R7: 125 | S7: 25125 | T7: 6 | U7: 0.05944448 | V7: 0.42847108 | W7: A
B8: SKU-1006 | C8: Printer Maintenance Kit | D8: Service Part | E8: MTS | F8: Service Components LLC | G8: 495 | H8: 41.25 | I8: 37.333333 | J8: 34 | K8: 8.8945847 | L8: 0.21562629 | M8: -0.17575758 | N8: 0 | O8: Declining | P8: 6M Moving Avg | Q8: 37.333333 | R8: 38 | S8: 18810 | T8: 9 | U8: 0.044503509 | V8: 0.58944555 | W8: A
B9: SKU-1007 | C9: Tank LT Standard | D9: Finished Goods | E9: MTS | F9: Polymer Supply Co | G9: 1025 | H9: 85.416667 | I9: 95 | J9: 99 | K9: 13.487087 | L9: 0.1578976 | M9: 0.15902439 | N9: 0 | O9: Growing | P9: 3M Moving Avg | Q9: 99 | R9: 42 | S9: 43050 | T9: 1 | U9: 0.10185412 | V9: 0.10185412 | W9: A
B10: SKU-1008 | C10: Tank LT High Temp | D10: Finished Goods | E10: MTS | F10: Polymer Supply Co | G10: 521 | H10: 43.416667 | I10: 44 | J10: 49.333333 | K10: 11.349476 | L10: 0.26140828 | M10: 0.13627639 | N10: 0 | O10: Variable | P10: 6M Moving Avg | Q10: 44 | R10: 48 | S10: 25008 | T10: 7 | U10: 0.059167664 | V10: 0.48763874 | W10: A
B11: SKU-1009 | C11: Nozzle Cleaning Tool | D11: Accessory | E11: MTS | F11: Tooling Depot | G11: 3040 | H11: 253.33333 | I11: 252.66667 | J11: 244.33333 | K11: 44.089441 | L11: 0.17403727 | M11: -0.035526316 | N11: 0 | O11: Stable | P11: 6M Moving Avg | Q11: 252.66667 | R11: 3.8 | S11: 11552 | T11: 17 | U11: 0.027331448 | V11: 0.86204693 | W11: B
B12: SKU-1010 | C12: Replacement Filter Pack | D12: Consumable | E12: MTS | F12: FilterTech | G12: 793 | H12: 66.083333 | I12: 35.5 | J12: 71 | K12: 65.083804 | L12: 0.98487471 | M12: 0.074401009 | N12: 4 | O12: Intermittent | P12: Median 6M | Q12: 0 | R12: 8.5 | S12: 6740.5 | T12: 24 | U12: 0.015947682 | V12: 1 | W12: C
B13: SKU-1011 | C13: Industrial Pump Seal | D13: Service Part | E13: MTS | F13: Precision Parts Ltd | G13: 488 | H13: 40.666667 | I13: 28.833333 | J13: 37.333333 | K13: 37.847381 | L13: 0.9306733 | M13: -0.081967213 | N13: 1 | O13: Lumpy | P13: Median 6M | Q13: 29.5 | R13: 32 | S13: 15616 | T13: 12 | U13: 0.036946667 | V13: 0.70769807 | W13: A
B14: SKU-1012 | C14: Stepper Motor 24V | D14: Component | E14: MTS | F14: Motion Systems | G14: 189 | H14: 15.75 | I14: 13.666667 | J14: 14 | K14: 3.1079078 | L14: 0.19732748 | M14: -0.11111111 | N14: 0 | O14: Stable | P14: 6M Moving Avg | Q14: 13.666667 | R14: 78 | S14: 14742 | T14: 13 | U14: 0.034878827 | V14: 0.74257689 | W14: A
... B26: SKU-1024 | C26: Thermal Paste Tube | D26: Consumable | E26: MTS | F26: Tooling Depot | G26: 2263 | H26: 188.58333 | I26: 180 | J26: 186.33333 | K26: 44.276935 | L26: 0.23478711 | M26: -0.011931065 | N26: 0 | O26: Stable | P26: 6M Moving Avg | Q26: 180 | R26: 4.4 | S26: 9957.2 | T26: 18 | U26: 0.023558232 | V26: 0.88560516 | W26: B

Sheet Reorder_Planning
A1: SKU | B1: Item_Description | C1: Item_Category | D1: Planning_Type | E1: Supplier | F1: ABC_Class | G1: Demand_Behavior | H1: Forecast_Monthly_Demand | I1: Demand_StdDev_12M | J1: On_Hand_Qty | K1: On_Order_Qty | L1: Allocated_Qty | M1: Available_Qty | N1: Lead_Time_Days | O1: MOQ | P1: Unit_Cost | Q1: Avg_Daily_Demand | R1: Safety_Stock | S1: Lead_Time_Demand | T1: Reorder_Point | U1: Months_of_Supply | V1: Reorder_Qty | W1: Reorder_Value | X1: Risk_Status | Y1: Recommendation
A2: SKU-1001 | B2: Resin Cartridge Standard Grey | C2: Finished Goods | D2: MTS | E2: Polymer Supply Co | F2: A | G2: Stable | H2: 143.5 | I2: 31.98674 | J2: 70 | K2: 0 | L2: 7 | M2: 63 | N2: 28 | O2: 50 | P2: 18.5 | Q2: =H2/30 -> 4.7833333 | R2: =ROUND(Assumptions!$B$3*(I2/SQRT(30))*SQRT(N2),0) -> 51 | S2: =Q2*N2 -> 133.93333 | T2: =R2+S2 -> 184.93333 | U2: =IFERROR(M2/H2,999) -> 0.43902439 | V2: =IF(M2<=T2,MAX(O2,ROUNDUP(T2+H2-M2,0)),IF(AND(U2<1.5,D2="MTS"),MAX(O2,ROUNDUP(H2*2-M2,0)),0)) -> 266 | W2: =V2*P2 -> 4921 | X2: =IF(M2<=T2,"Stockout Risk",IF(U2>6,"Excess Stock",IF(U2<1.5,"Low Cover","Balanced"))) -> Stockout Risk | Y2: =IF(X2="Stockout Risk","Review replenishment immediately",IF(X2="Low Cover","Monitor closely",IF(X2="Excess Stock","Review excess inventory and future purchases","No immediate action required"))) -> Review replenishment immediately
A3: SKU-1002 | B3: Resin Cartridge Tough 2000 | C3: Finished Goods | D3: MTS | E3: Polymer Supply Co | F3: A | G3: Growing | H3: 106 | I3: 29.769188 | J3: 117 | K3: 0 | L3: 21 | M3: 96 | N3: 35 | O3: 40 | P3: 24 | Q3: =H3/30 -> 3.5333333 | R3: =ROUND(Assumptions!$B$3*(I3/SQRT(30))*SQRT(N3),0) -> 53 | S3: =Q3*N3 -> 123.66667 | T3: =R3+S3 -> 176.66667 | U3: =IFERROR(M3/H3,999) -> 0.90566038 | V3: =IF(M3<=T3,MAX(O3,ROUNDUP(T3+H3-M3,0)),IF(AND(U3<1.5,D3="MTS"),MAX(O3,ROUNDUP(H3*2-M3,0)),0)) -> 187 | W3: =V3*P3 -> 4488 | X3: =IF(M3<=T3,"Stockout Risk",IF(U3>6,"Excess Stock",IF(U3<1.5,"Low Cover","Balanced"))) -> Stockout Risk | Y3: =IF(X3="Stockout Risk","Review replenishment immediately",IF(X3="Low Cover","Monitor closely",IF(X3="Excess Stock","Review excess inventory and future purchases","No immediate action required"))) -> Review replenishment immediately
A4: SKU-1003 | B4: Resin Cartridge Clear | C4: Finished Goods | D4: MTS | E4: Polymer Supply Co | F4: A | G4: Stable | H4: 105.33333 | I4: 12.537217 | J4: 336 | K4: 0 | L4: 18 | M4: 318 | N4: 30 | O4: 40 | P4: 21 | Q4: =H4/30 -> 3.5111111 | R4: =ROUND(Assumptions!$B$3*(I4/SQRT(30))*SQRT(N4),0) -> 21 | S4: =Q4*N4 -> 105.33333 | T4: =R4+S4 -> 126.33333 | U4: =IFERROR(M4/H4,999) -> 3.0189873 | V4: =IF(M4<=T4,MAX(O4,ROUNDUP(T4+H4-M4,0)),IF(AND(U4<1.5,D4="MTS"),MAX(O4,ROUNDUP(H4*2-M4,0)),0)) -> 0 | W4: =V4*P4 -> 0 | X4: =IF(M4<=T4,"Stockout Risk",IF(U4>6,"Excess Stock",IF(U4<1.5,"Low Cover","Balanced"))) -> Balanced | Y4: =IF(X4="Stockout Risk","Review replenishment immediately",IF(X4="Low Cover","Monitor closely",IF(X4="Excess Stock","Review excess inventory and future purchases","No immediate action required"))) -> No immediate action required
A5: SKU-1004 | B5: Build Platform Assembly | C5: Spare Part | D5: MTS | E5: Precision Parts Ltd | F5: C | G5: Intermittent | H5: 0 | I5: 13.859686 | J5: 8 | K5: 4 | L5: 0 | M5: 12 | N5: 45 | O5: 20 | P5: 55 | Q5: =H5/30 -> 0 | R5: =ROUND(Assumptions!$B$3*(I5/SQRT(30))*SQRT(N5),0) -> 28 | S5: =Q5*N5 -> 0 | T5: =R5+S5 -> 28 | U5: =IFERROR(M5/H5,999) -> 999 | V5: =IF(M5<=T5,MAX(O5,ROUNDUP(T5+H5-M5,0)),IF(AND(U5<1.5,D5="MTS"),MAX(O5,ROUNDUP(H5*2-M5,0)),0)) -> 20 | W5: =V5*P5 -> 1100 | X5: =IF(M5<=T5,"Stockout Risk",IF(U5>6,"Excess Stock",IF(U5<1.5,"Low Cover","Balanced"))) -> Stockout Risk | Y5: =IF(X5="Stockout Risk","Review replenishment immediately",IF(X5="Low Cover","Monitor closely",IF(X5="Excess Stock","Review excess inventory and future purchases","No immediate action required"))) -> Review replenishment immediately
A6: SKU-1005 | B6: Optical Window Kit | C6: Spare Part | D6: MTO | E6: Optics Supply Inc | F6: A | G6: Variable | H6: 11.833333 | I6: 7.2252713 | J6: 46 | K6: 0 | L6: 8 | M6: 38 | N6: 60 | O6: 10 | P6: 125 | Q6: =H6/30 -> 0.39444444 | R6: =ROUND(Assumptions!$B$3*(I6/SQRT(30))*SQRT(N6),0) -> 17 | S6: =Q6*N6 -> 23.666667 | T6: =R6+S6 -> 40.666667 | U6: =IFERROR(M6/H6,999) -> 3.2112676 | V6: =IF(M6<=T6,MAX(O6,ROUNDUP(T6+H6-M6,0)),IF(AND(U6<1.5,D6="MTS"),MAX(O6,ROUNDUP(H6*2-M6,0)),0)) -> 15 | W6: =V6*P6 -> 1875 | X6: =IF(M6<=T6,"Stockout Risk",IF(U6>6,"Excess Stock",IF(U6<1.5,"Low Cover","Balanced"))) -> Stockout Risk | Y6: =IF(X6="Stockout Risk","Review replenishment immediately",IF(X6="Low Cover","Monitor closely",IF(X6="Excess Stock","Review excess inventory and future purchases","No immediate action required"))) -> Review replenishment immediately
A7: SKU-1006 | B7: Printer Maintenance Kit | C7: Service Part | D7: MTS | E7: Service Components LLC | F7: A | G7: Declining | H7: 37.333333 | I7: 8.8945847 | J7: 231 | K7: 0 | L7: 49 | M7: 182 | N7: 21 | O7: 25 | P7: 38 | Q7: =H7/30 -> 1.2444444 | R7: =ROUND(Assumptions!$B$3*(I7/SQRT(30))*SQRT(N7),0) -> 12 | S7: =Q7*N7 -> 26.133333 | T7: =R7+S7 -> 38.133333 | U7: =IFERROR(M7/H7,999) -> 4.875 | V7: =IF(M7<=T7,MAX(O7,ROUNDUP(T7+H7-M7,0)),IF(AND(U7<1.5,D7="MTS"),MAX(O7,ROUNDUP(H7*2-M7,0)),0)) -> 0 | W7: =V7*P7 -> 0 | X7: =IF(M7<=T7,"Stockout Risk",IF(U7>6,"Excess Stock",IF(U7<1.5,"Low Cover","Balanced"))) -> Balanced | Y7: =IF(X7="Stockout Risk","Review replenishment immediately",IF(X7="Low Cover","Monitor closely",IF(X7="Excess Stock","Review excess inventory and future purchases","No immediate action required"))) -> No immediate action required
A8: SKU-1007 | B8: Tank LT Standard | C8: Finished Goods | D8: MTS | E8: Polymer Supply Co | F8: A | G8: Growing | H8: 99 | I8: 13.487087 | J8: 131 | K8: 0 | L8: 24 | M8: 107 | N8: 32 | O8: 30 | P8: 42 | Q8: =H8/30 -> 3.3 | R8: =ROUND(Assumptions!$B$3*(I8/SQRT(30))*SQRT(N8),0) -> 23 | S8: =Q8*N8 -> 105.6 | T8: =R8+S8 -> 128.6 | U8: =IFERROR(M8/H8,999) -> 1.0808081 | V8: =IF(M8<=T8,MAX(O8,ROUNDUP(T8+H8-M8,0)),IF(AND(U8<1.5,D8="MTS"),MAX(O8,ROUNDUP(H8*2-M8,0)),0)) -> 121 | W8: =V8*P8 -> 5082 | X8: =IF(M8<=T8,"Stockout Risk",IF(U8>6,"Excess Stock",IF(U8<1.5,"Low Cover","Balanced"))) -> Stockout Risk | Y8: =IF(X8="Stockout Risk","Review replenishment immediately",IF(X8="Low Cover","Monitor closely",IF(X8="Excess Stock","Review excess inventory and future purchases","No immediate action required"))) -> Review replenishment immediately
A9: SKU-1008 | B9: Tank LT High Temp | C9: Finished Goods | D9: MTS | E9: Polymer Supply Co | F9: A | G9: Variable | H9: 44 | I9: 11.349476 | J9: 77 | K9: 62 | L9: 7 | M9: 132 | N9: 40 | O9: 25 | P9: 48 | Q9: =H9/30 -> 1.4666667 | R9: =ROUND(Assumptions!$B$3*(I9/SQRT(30))*SQRT(N9),0) -> 22 | S9: =Q9*N9 -> 58.666667 | T9: =R9+S9 -> 80.666667 | U9: =IFERROR(M9/H9,999) -> 3 | V9: =IF(M9<=T9,MAX(O9,ROUNDUP(T9+H9-M9,0)),IF(AND(U9<1.5,D9="MTS"),MAX(O9,ROUNDUP(H9*2-M9,0)),0)) -> 0 | W9: =V9*P9 -> 0 | X9: =IF(M9<=T9,"Stockout Risk",IF(U9>6,"Excess Stock",IF(U9<1.5,"Low Cover","Balanced"))) -> Balanced | Y9: =IF(X9="Stockout Risk","Review replenishment immediately",IF(X9="Low Cover","Monitor closely",IF(X9="Excess Stock","Review excess inventory and future purchases","No immediate action required"))) -> No immediate action required
A10: SKU-1009 | B10: Nozzle Cleaning Tool | C10: Accessory | D10: MTS | E10: Tooling Depot | F10: B | G10: Stable | H10: 252.66667 | I10: 44.089441 | J10: 383 | K10: 383 | L10: 54 | M10: 712 | N10: 14 | O10: 100 | P10: 3.8 | Q10: =H10/30 -> 8.4222222 | R10: =ROUND(Assumptions!$B$3*(I10/SQRT(30))*SQRT(N10),0) -> 50 | S10: =Q10*N10 -> 117.91111 | T10: =R10+S10 -> 167.91111 | U10: =IFERROR(M10/H10,999) -> 2.817942 | V10: =IF(M10<=T10,MAX(O10,ROUNDUP(T10+H10-M10,0)),IF(AND(U10<1.5,D10="MTS"),MAX(O10,ROUNDUP(H10*2-M10,0)),0)) -> 0 | W10: =V10*P10 -> 0 | X10: =IF(M10<=T10,"Stockout Risk",IF(U10>6,"Excess Stock",IF(U10<1.5,"Low Cover","Balanced"))) -> Balanced | Y10: =IF(X10="Stockout Risk","Review replenishment immediately",IF(X10="Low Cover","Monitor closely",IF(X10="Excess Stock","Review excess inventory and future purchases","No immediate action required"))) -> No immediate action required
A11: SKU-1010 | B11: Replacement Filter Pack | C11: Consumable | D11: MTS | E11: FilterTech | F11: C | G11: Intermittent | H11: 0 | I11: 65.083804 | J11: 97 | K11: 0 | L11: 20 | M11: 77 | N11: 20 | O11: 75 | P11: 8.5 | Q11: =H11/30 -> 0 | R11: =ROUND(Assumptions!$B$3*(I11/SQRT(30))*SQRT(N11),0) -> 88 | S11: =Q11*N11 -> 0 | T11: =R11+S11 -> 88 | U11: =IFERROR(M11/H11,999) -> 999 | V11: =IF(M11<=T11,MAX(O11,ROUNDUP(T11+H11-M11,0)),IF(AND(U11<1.5,D11="MTS"),MAX(O11,ROUNDUP(H11*2-M11,0)),0)) -> 75 | W11: =V11*P11 -> 637.5 | X11: =IF(M11<=T11,"Stockout Risk",IF(U11>6,"Excess Stock",IF(U11<1.5,"Low Cover","Balanced"))) -> Stockout Risk | Y11: =IF(X11="Stockout Risk","Review replenishment immediately",IF(X11="Low Cover","Monitor closely",IF(X11="Excess Stock","Review excess inventory and future purchases","No immediate action required"))) -> Review replenishment immediately
A12: SKU-1011 | B12: Industrial Pump Seal | C12: Service Part | D12: MTS | E12: Precision Parts Ltd | F12: A | G12: Lumpy | H12: 29.5 | I12: 37.847381 | J12: 116 | K12: 16 | L12: 26 | M12: 106 | N12: 50 | O12: 15 | P12: 32 | Q12: =H12/30 -> 0.98333333 | R12: =ROUND(Assumptions!$B$3*(I12/SQRT(30))*SQRT(N12),0) -> 81 | S12: =Q12*N12 -> 49.166667 | T12: =R12+S12 -> 130.16667 | U12: =IFERROR(M12/H12,999) -> 3.5932203 | V12: =IF(M12<=T12,MAX(O12,ROUNDUP(T12+H12-M12,0)),IF(AND(U12<1.5,D12="MTS"),MAX(O12,ROUNDUP(H12*2-M12,0)),0)) -> 54 | W12: =V12*P12 -> 1728 | X12: =IF(M12<=T12,"Stockout Risk",IF(U12>6,"Excess Stock",IF(U12<1.5,"Low Cover","Balanced"))) -> Stockout Risk | Y12: =IF(X12="Stockout Risk","Review replenishment immediately",IF(X12="Low Cover","Monitor closely",IF(X12="Excess Stock","Review excess inventory and future purchases","No immediate action required"))) -> Review replenishment immediately
A13: SKU-1012 | B13: Stepper Motor 24V | C13: Component | D13: MTS | E13: Motion Systems | F13: A | G13: Stable | H13: 13.666667 | I13: 3.1079078 | J13: 52 | K13: 10 | L13: 12 | M13: 50 | N13: 55 | O13: 10 | P13: 78 | Q13: =H13/30 -> 0.45555556 | R13: =ROUND(Assumptions!$B$3*(I13/SQRT(30))*SQRT(N13),0) -> 7 | S13: =Q13*N13 -> 25.055556 | T13: =R13+S13 -> 32.055556 | U13: =IFERROR(M13/H13,999) -> 3.6585366 | V13: =IF(M13<=T13,MAX(O13,ROUNDUP(T13+H13-M13,0)),IF(AND(U13<1.5,D13="MTS"),MAX(O13,ROUNDUP(H13*2-M13,0)),0)) -> 0 | W13: =V13*P13 -> 0 | X13: =IF(M13<=T13,"Stockout Risk",IF(U13>6,"Excess Stock",IF(U13<1.5,"Low Cover","Balanced"))) -> Balanced | Y13: =IF(X13="Stockout Risk","Review replenishment immediately",IF(X13="Low Cover","Monitor closely",IF(X13="Excess Stock","Review excess inventory and future purchases","No immediate action required"))) -> No immediate action required
... A25: SKU-1024 | B25: Thermal Paste Tube | C25: Consumable | D25: MTS | E25: Tooling Depot | F25: B | G25: Stable | H25: 180 | I25: 44.276935 | J25: 738 | K25: 0 | L25: 156 | M25: 582 | N25: 15 | O25: 100 | P25: 4.4 | Q25: =H25/30 -> 6 | R25: =ROUND(Assumptions!$B$3*(I25/SQRT(30))*SQRT(N25),0) -> 52 | S25: =Q25*N25 -> 90 | T25: =R25+S25 -> 142 | U25: =IFERROR(M25/H25,999) -> 3.2333333 | V25: =IF(M25<=T25,MAX(O25,ROUNDUP(T25+H25-M25,0)),IF(AND(U25<1.5,D25="MTS"),MAX(O25,ROUNDUP(H25*2-M25,0)),0)) -> 0 | W25: =V25*P25 -> 0 | X25: =IF(M25<=T25,"Stockout Risk",IF(U25>6,"Excess Stock",IF(U25<1.5,"Low Cover","Balanced"))) -> Balanced | Y25: =IF(X25="Stockout Risk","Review replenishment immediately",IF(X25="Low Cover","Monitor closely",IF(X25="Excess Stock","Review excess inventory and future purchases","No immediate action required"))) -> No immediate action required

Sheet Trend_Analysis
A1: Month_Start | B1: Total_Demand | C1: MoM_Change_Units | D1: MoM_Change_% | G1: Month_Start | H1: Accessory | I1: Component | J1: Consumable | K1: Finished Goods | L1: Packaging | M1: Service Part | N1: Spare Part
A2: 45292 | B2: 2150 | G2: 45292 | H2: 283 | I2: 171 | J2: 247 | K2: 342 | L2: 954 | M2: 91 | N2: 62
A3: 45323 | B3: 2201 | C3: 51 | D3: 0.02372093 | G3: 45323 | H3: 322 | I3: 164 | J3: 298 | K3: 322 | L3: 978 | M3: 86 | N3: 31
A4: 45352 | B4: 2337 | C4: 136 | D4: 0.061790095 | G4: 45352 | H4: 289 | I4: 228 | J4: 298 | K4: 438 | L4: 969 | M4: 64 | N4: 51
A5: 45383 | B5: 2796 | C5: 459 | D5: 0.19640565 | G5: 45383 | H5: 258 | I5: 229 | J5: 262 | K5: 486 | L5: 1374 | M5: 138 | N5: 49
A6: 45413 | B6: 2531 | C6: -265 | D6: -0.094778255 | G6: 45413 | H6: 386 | I6: 175 | J6: 173 | K6: 426 | L6: 1248 | M6: 123 | N6: 0
A7: 45444 | B7: 2303 | C7: -228 | D7: -0.090082971 | G7: 45444 | H7: 238 | I7: 178 | J7: 315 | K7: 415 | L7: 1046 | M7: 90 | N7: 21
A8: 45474 | B8: 2154 | C8: -149 | D8: -0.06469822 | G8: 45474 | H8: 305 | I8: 195 | J8: 213 | K8: 393 | L8: 921 | M8: 69 | N8: 58
A9: 45505 | B9: 2511 | C9: 357 | D9: 0.16573816 | G9: 45505 | H9: 235 | I9: 147 | J9: 408 | K9: 388 | L9: 1258 | M9: 48 | N9: 27
A10: 45536 | B10: 2303 | C10: -208 | D10: -0.082835524 | G10: 45536 | H10: 325 | I10: 215 | J10: 223 | K10: 439 | L10: 960 | M10: 121 | N10: 20
A11: 45566 | B11: 2468 | C11: 165 | D11: 0.07164568 | G11: 45566 | H11: 293 | I11: 184 | J11: 278 | K11: 421 | L11: 1054 | M11: 200 | N11: 38
A12: 45597 | B12: 2618 | C12: 150 | D12: 0.060777958 | G12: 45597 | H12: 387 | I12: 210 | J12: 310 | K12: 518 | L12: 1069 | M12: 70 | N12: 54
A13: 45627 | B13: 2701 | C13: 83 | D13: 0.031703591 | G13: 45627 | H13: 267 | I13: 164 | J13: 331 | K13: 527 | L13: 1296 | M13: 78 | N13: 38
A14: 45658 | B14: 2410 | C14: -291 | D14: -0.10773787 | G14: 45658 | H14: 341 | I14: 176 | J14: 211 | K14: 431 | L14: 1167 | M14: 68 | N14: 16
... A19: 45809 | B19: 2472 | C19: 45 | D19: 0.018541409 | G19: 45809 | H19: 317 | I19: 208 | J19: 159 | K19: 514 | L19: 1185 | M19: 50 | N19: 39

Sheet Inventory_Risk_Review
B2: SKU | C2: Item_Description | D2: Item_Category | E2: ABC_Class | F2: Demand_Behavior | G2: Available_Qty | H2: Forecast_Monthly_Demand | I2: Reorder_Point | J2: Months_of_Supply | K2: Risk_Type | L2: Why_Flagged | M2: Recommended_Action
B3: SKU-1001 | C3: Resin Cartridge Standard Grey | D3: Finished Goods | E3: A | F3: Stable | G3: 63 | H3: 143.5 | I3: 184.92184 | J3: 0.43902439 | K3: Stockout Risk | L3: Available inventory (63) is at/below reorder point (184.9). | M3: Review replenishment immediately; inventory is below or near reorder point.
B4: SKU-1002 | C4: Resin Cartridge Tough 2000 | D4: Finished Goods | E4: A | F4: Growing | G4: 96 | H4: 106 | I4: 176.72142 | J4: 0.90566038 | K4: Stockout Risk | L4: Available inventory (96) is at/below reorder point (176.7). | M4: Review replenishment immediately; inventory is below or near reorder point.
B5: SKU-1004 | C5: Build Platform Assembly | D5: Spare Part | E5: C | F5: Intermittent | G5: 12 | H5: 0 | I5: 28.008057 | J5: 999 | K5: Stockout Risk | L5: Available inventory (12) is at/below reorder point (28.0). | M5: Review replenishment immediately; inventory is below or near reorder point.
B6: SKU-1005 | C6: Optical Window Kit | D6: Spare Part | E6: A | F6: Variable | G6: 38 | H6: 11.833333 | I6: 40.526493 | J6: 3.2112676 | K6: Stockout Risk | L6: Available inventory (38) is at/below reorder point (40.5). | M6: Review replenishment immediately; inventory is below or near reorder point.
B7: SKU-1007 | C7: Tank LT Standard | D7: Finished Goods | E7: A | F7: Growing | G7: 107 | H7: 99 | I7: 128.58352 | J7: 1.0808081 | K7: Stockout Risk | L7: Available inventory (107) is at/below reorder point (128.6). | M7: Review replenishment immediately; inventory is below or near reorder point.
B8: SKU-1010 | C8: Replacement Filter Pack | D8: Consumable | E8: C | F8: Intermittent | G8: 77 | H8: 0 | I8: 87.68216 | J8: 999 | K8: Stockout Risk | L8: Available inventory (77) is at/below reorder point (87.7). | M8: Review replenishment immediately; inventory is below or near reorder point.
B9: SKU-1011 | C9: Industrial Pump Seal | D9: Service Part | E9: A | F9: Lumpy | G9: 106 | H9: 29.5 | I9: 129.78692 | J9: 3.5932203 | K9: Stockout Risk | L9: Available inventory (106) is at/below reorder point (129.8). | M9: Review replenishment immediately; inventory is below or near reorder point.
B10: SKU-1013 | C10: Main Control Board | D10: Component | E10: A | F10: Growing | G10: 18 | H10: 9.3333333 | I10: 30.517021 | J10: 1.9285714 | K10: Stockout Risk | L10: Available inventory (18) is at/below reorder point (30.5). | M10: Review replenishment immediately; inventory is below or near reorder point.
B11: SKU-1014 | C11: Cable Harness A | D11: Component | E11: B | F11: Stable | G11: 41 | H11: 53.833333 | I11: 84.399703 | J11: 0.76160991 | K11: Stockout Risk | L11: Available inventory (41) is at/below reorder point (84.4). | M11: Review replenishment immediately; inventory is below or near reorder point.
B12: SKU-1016 | C12: Sensor Module X | D12: Component | E12: B | F12: Intermittent | G12: 46 | H12: 21.5 | I12: 59.160998 | J12: 2.1395349 | K12: Stockout Risk | L12: Available inventory (46) is at/below reorder point (59.2). | M12: Review replenishment immediately; inventory is below or near reorder point.
B13: SKU-1017 | C13: LCD Display Panel | D13: Component | E13: B | F13: Variable | G13: 29 | H13: 10.5 | I13: 41.346681 | J13: 2.7619048 | K13: Stockout Risk | L13: Available inventory (29) is at/below reorder point (41.3). | M13: Review replenishment immediately; inventory is below or near reorder point.
B14: SKU-1018 | C14: Shipping Carton Large | D14: Packaging | E14: A | F14: Stable | G14: 3412 | H14: 478.66667 | I14: 406.36377 | J14: 7.1281337 | K14: Excess Stock | L14: Months of supply (7.1) is above 6 months. | M14: Review demand plan and future purchases; potential excess inventory.
... B18: SKU-1023 | C18: Inverter Board | D18: Component | E18: A | F18: Lumpy | G18: 39 | H18: 14 | I18: 56.782245 | J18: 2.7857143 | K18: Stockout Risk | L18: Available inventory (39) is at/below reorder point (56.8). | M18: Review replenishment immediately; inventory is below or near reorder point.
B19: SKU-1014 | C19: Cable Harness A | D19: Component | K19: Data Quality | L19: Raw demand data contained lowercase/trailing-space SKU variation. | M19: Clean SKU identifiers before final planning run.
B20: SKU-1021 | C20: Battery Module | D20: Component | K20: Past Due PO | L20: Open PO expected receipt date is before planning snapshot date. | M20: Confirm PO status with buyer/planner.

Sheet Planning_View
A1: Action_Priority | B1: SKU | C1: Item_Description | D1: Category | E1: Planning_Type | F1: ABC | G1: Demand_Behavior | H1: Forecast_Monthly | I1: Available_Qty | J1: Reorder_Point | K1: Months_of_Supply | L1: Suggested_Reorder_Qty | M1: Suggested_Reorder_Value | N1: Risk_Status | O1: Planner_Notes
A2: 1 - Immediate Review | B2: SKU-1001 | C2: Resin Cartridge Standard Grey | D2: Finished Goods | E2: MTS | F2: A | G2: Stable | H2: 143.5 | I2: 63 | J2: 184.92184 | K2: 0.43902439 | L2: 266 | M2: 4921 | N2: Stockout Risk | O2: Review replenishment immediately; inventory is below or near reorder point.
A3: 1 - Immediate Review | B3: SKU-1002 | C3: Resin Cartridge Tough 2000 | D3: Finished Goods | E3: MTS | F3: A | G3: Growing | H3: 106 | I3: 96 | J3: 176.72142 | K3: 0.90566038 | L3: 187 | M3: 4488 | N3: Stockout Risk | O3: Review replenishment immediately; inventory is below or near reorder point.
A4: 1 - Immediate Review | B4: SKU-1004 | C4: Build Platform Assembly | D4: Spare Part | E4: MTS | F4: C | G4: Intermittent | H4: 0 | I4: 12 | J4: 28.008057 | K4: 999 | L4: 20 | M4: 1100 | N4: Stockout Risk | O4: Review replenishment immediately; inventory is below or near reorder point.
A5: 1 - Immediate Review | B5: SKU-1005 | C5: Optical Window Kit | D5: Spare Part | E5: MTO | F5: A | G5: Variable | H5: 11.833333 | I5: 38 | J5: 40.526493 | K5: 3.2112676 | L5: 15 | M5: 1875 | N5: Stockout Risk | O5: Review replenishment immediately; inventory is below or near reorder point.
A6: 1 - Immediate Review | B6: SKU-1007 | C6: Tank LT Standard | D6: Finished Goods | E6: MTS | F6: A | G6: Growing | H6: 99 | I6: 107 | J6: 128.58352 | K6: 1.0808081 | L6: 121 | M6: 5082 | N6: Stockout Risk | O6: Review replenishment immediately; inventory is below or near reorder point.
A7: 1 - Immediate Review | B7: SKU-1010 | C7: Replacement Filter Pack | D7: Consumable | E7: MTS | F7: C | G7: Intermittent | H7: 0 | I7: 77 | J7: 87.68216 | K7: 999 | L7: 75 | M7: 637.5 | N7: Stockout Risk | O7: Review replenishment immediately; inventory is below or near reorder point.
A8: 1 - Immediate Review | B8: SKU-1011 | C8: Industrial Pump Seal | D8: Service Part | E8: MTS | F8: A | G8: Lumpy | H8: 29.5 | I8: 106 | J8: 129.78692 | K8: 3.5932203 | L8: 54 | M8: 1728 | N8: Stockout Risk | O8: Review replenishment immediately; inventory is below or near reorder point.
A9: 1 - Immediate Review | B9: SKU-1013 | C9: Main Control Board | D9: Component | E9: MTO | F9: A | G9: Growing | H9: 9.3333333 | I9: 18 | J9: 30.517021 | K9: 1.9285714 | L9: 22 | M9: 4620 | N9: Stockout Risk | O9: Review replenishment immediately; inventory is below or near reorder point.
A10: 1 - Immediate Review | B10: SKU-1014 | C10: Cable Harness A | D10: Component | E10: MTS | F10: B | G10: Stable | H10: 53.833333 | I10: 41 | J10: 84.399703 | K10: 0.76160991 | L10: 98 | M10: 1372 | N10: Stockout Risk | O10: Review replenishment immediately; inventory is below or near reorder point.
A11: 1 - Immediate Review | B11: SKU-1016 | C11: Sensor Module X | D11: Component | E11: MTS | F11: B | G11: Intermittent | H11: 21.5 | I11: 46 | J11: 59.160998 | K11: 2.1395349 | L11: 35 | M11: 1610 | N11: Stockout Risk | O11: Review replenishment immediately; inventory is below or near reorder point.
A12: 1 - Immediate Review | B12: SKU-1017 | C12: LCD Display Panel | D12: Component | E12: MTO | F12: B | G12: Variable | H12: 10.5 | I12: 29 | J12: 41.346681 | K12: 2.7619048 | L12: 23 | M12: 2185 | N12: Stockout Risk | O12: Review replenishment immediately; inventory is below or near reorder point.
A13: 1 - Immediate Review | B13: SKU-1020 | C13: Calibration Target | D13: Accessory | E13: MTS | F13: A | G13: Stable | H13: 44.5 | I13: 20 | J13: 59.125385 | K13: 0.4494382 | L13: 84 | M13: 2436 | N13: Stockout Risk | O13: Review replenishment immediately; inventory is below or near reorder point.
... A25: 4 - No Action | B25: SKU-1024 | C25: Thermal Paste Tube | D25: Consumable | E25: MTS | F25: B | G25: Stable | H25: 180 | I25: 582 | J25: 141.65906 | K25: 3.2333333 | L25: 0 | M25: 0 | N25: Balanced | O25: No immediate action required.

Sheet Summary_Findings
A1: Summary of Findings and Recommendations
A2: 1. Demand Pattern | B2: The model reviewed 24 SKUs across 18 months of historical demand. SKU behavior was classified into stable, growing, declining, intermittent, variable, and lumpy demand patterns.
A3: 2. Forecasting Approach | B3: The workbook uses moving-average and median-based logic based on demand behavior. Stable/variable SKUs use a 6-month moving average, growing SKUs use a 3-month moving average, and lumpy/intermittent SKUs use median-based logic.
A4: 3. Reorder Logic | B4: Safety stock is calculated using service level, demand variability, and lead time. Reorder point equals lead-time demand plus safety stock.
A5: 4. Inventory Risk | B5: 15 SKUs are flagged for stockout review and 1 SKU is flagged for excess stock review based on current available quantity and months of supply.
A6: 5. Reorder Recommendation | B6: Suggested reorder value is approximately $43,684 based on current inventory position, reorder point, MOQ, and forecast demand.
A7: 6. Further Review | B7: Validate service level, lead times, supplier constraints, MOQ assumptions, open purchase order status, and whether MTO items should be excluded from automated reorder suggestions.
A8: Potential Savings / Improvement Areas | B8: Reduce excess inventory on declining SKUs, monitor past-due POs, prioritize A-class SKUs for planner review, and clean SKU/supplier master data before deployment.

Sheet Assumptions
A1: Planning Assumptions
A2: Planning Snapshot Date | B2: 45839
A3: Service Level Z-Score | B3: 1.65
A4: Forecast Frequency | B4: Monthly
A5: Lead Time Unit | B5: Days
A6: Safety Stock Formula | B6: Z-score x monthly demand standard deviation / SQRT(30) x SQRT(lead time days)
A7: Reorder Point Formula | B7: Lead time demand + safety stock
A8: Risk Logic | B8: Stockout Risk if available quantity <= reorder point; Excess Stock if months of supply > 6; Low Cover if months of supply < 1.5.
A9: MTO Assumption | B9: MTO SKUs are still shown in the model, but final reorder action should be validated with the planner before purchase.
